{"cameraMode":{"drawMode":0,"name":"Shaded","section":"Shading Mode"},"sceneLighting":true,"audioPlay":false,"sceneViewState":{"m_AlwaysRefresh":false,"showFog":true,"showSkybox":true,"showFlares":true,"showImageEffects":true,"showParticleSystems":true,"showVisualEffectGraphs":true,"m_FxEnabled":true},"in2DMode":false,"pivot":{"x":4.696369171142578,"y":-2.946707248687744,"z":-29.840179443359376},"rotation":{"x":-0.23193053901195527,"y":0.04433590546250343,"z":-0.010582695715129376,"w":-0.9716651439666748},"size":13.583382606506348,"orthographic":false}